"uPOS","EventType"
"32356462_C_T","StopGain"
"32356471_C_T","StopGain"
"32356486_C_T","StopGain"
"32356507_C_T","StopGain"
"32356549_C_T","StopGain"
"32356561_A_T","StopGain"
"32356603_A_T","StopGain"
"32356606_C_T","StopGain"
"32357752_T_A","StopGain"
"32357770_C_A","StopGain"
"32357824_T_G","StopGain"
"32357841_T_G","StopGain"
"32357844_G_A","StopGain"
"32357845_G_A","StopGain"
"32357855_G_T","StopGain"
"32357861_C_T","StopGain"
"32357880_G_A","StopGain"
"32357881_G_A","StopGain"
"32357900_G_T","StopGain"
"32357915_G_T","StopGain"
"32357918_G_T","StopGain"
"32362572_G_A","StopGain"
"32362573_G_A","StopGain"
"32362579_T_A","StopGain"
"32362588_T_G","StopGain"
"32362593_G_A","StopGain"
"32362594_G_A","StopGain"
"32362602_G_A","StopGain"
"32362603_G_A","StopGain"
"32362624_T_A","StopGain"
"32362637_G_T","StopGain"
"32362649_A_T","StopGain"
"32362690_C_G","StopGain"
"32362690_C_A","StopGain"
"32363181_T_A","StopGain"
"32363188_G_T","StopGain"
"32363197_A_T","StopGain"
"32363203_A_T","StopGain"
"32363230_G_T","StopGain"
"32363268_T_A","StopGain"
"32363285_C_G","StopGain"
"32363288_T_A","StopGain"
"32363341_C_T","StopGain"
"32363344_A_T","StopGain"
"32363375_G_A","StopGain"
"32363376_G_A","StopGain"
"32363379_T_A","StopGain"
"32363392_C_T","StopGain"
"32363396_T_G","StopGain"
"32363396_T_A","StopGain"
"32363420_T_A","StopGain"
"32363446_C_T","StopGain"
"32363496_T_A","StopGain"
"32363515_G_T","StopGain"
"32363528_T_G","StopGain"
"32363530_A_T","StopGain"
"32370432_G_A","StopGain"
"32370433_G_A","StopGain"
"32370446_G_T","StopGain"
"32370520_T_A","StopGain"
"32370539_A_T","StopGain"
"32370547_C_A","StopGain"
"32370547_C_G","StopGain"
"32370554_C_T","StopGain"
"32370957_G_A","StopGain"
"32370964_A_T","StopGain"
"32370971_C_G","StopGain"
"32370971_C_A","StopGain"
"32370980_T_A","StopGain"
"32370980_T_G","StopGain"
"32370984_C_A","StopGain"
"32371015_G_T","StopGain"
"32371024_A_T","StopGain"
"32371029_T_G","StopGain"
"32371029_T_A","StopGain"
"32371039_C_T","StopGain"
"32371042_C_T","StopGain"
"32371048_A_T","StopGain"
"32371061_T_A","StopGain"
"32371075_C_T","StopGain"
"32371087_G_T","StopGain"
"32371096_G_T","StopGain"
"32376680_A_T","StopGain"
"32376688_T_G","StopGain"
"32376713_C_T","StopGain"
"32376716_C_T","StopGain"
"32376731_C_T","StopGain"
"32376743_G_T","StopGain"
"32376761_A_T","StopGain"
"32379321_T_G","StopGain"
"32379338_T_G","StopGain"
"32379338_T_A","StopGain"
"32379382_C_T","StopGain"
"32379388_C_T","StopGain"
"32379398_T_A","StopGain"
"32379400_G_T","StopGain"
"32379418_G_T","StopGain"
"32379430_C_T","StopGain"
"32379436_G_T","StopGain"
"32379439_C_T","StopGain"
"32379449_C_G","StopGain"
"32379470_G_A","StopGain"
"32379471_G_A","StopGain"
"32379472_A_T","StopGain"
"32379476_T_A","StopGain"
"32379492_T_A","StopGain"
"32379494_C_G","StopGain"
"32379494_C_A","StopGain"
"32379496_A_T","StopGain"
"32379499_A_T","StopGain"
"32379502_G_T","StopGain"
"32379512_C_A","StopGain"
"32379512_C_G","StopGain"
"32379765_G_A","StopGain"
"32379773_C_G","StopGain"
"32379782_T_A","StopGain"
"32379813_C_A","StopGain"
"32379822_T_G","StopGain"
"32379836_C_G","StopGain"
"32379871_C_T","StopGain"
"32379895_C_T","StopGain"
"32379900_T_G","StopGain"
"32380027_C_T","StopGain"
"32380035_C_G","StopGain"
"32380035_C_A","StopGain"
"32380036_C_T","StopGain"
"32380070_T_G","StopGain"
"32380070_T_A","StopGain"
"32380084_C_T","StopGain"
"32380095_T_A","StopGain"
"32380135_A_T","StopGain"
"32394707_T_G","StopGain"
"32394712_C_G","StopGain"
"32394717_G_T","StopGain"
"32394722_T_A","StopGain"
"32394725_C_G","StopGain"
"32394725_C_A","StopGain"
"32394741_A_T","StopGain"
"32394748_G_A","StopGain"
"32394749_G_A","StopGain"
"32394762_G_T","StopGain"
"32394787_T_G","StopGain"
"32394787_T_A","StopGain"
"32394807_C_T","StopGain"
"32394811_G_A","StopGain"
"32394812_G_A","StopGain"
"32394813_C_T","StopGain"
"32394844_T_G","StopGain"
"32394885_G_T","StopGain"
"32394897_C_T","StopGain"
"32394912_A_T","StopGain"
"32376751_T_G","StopGain"
"32379376_A_T","StopGain"
"32363391_C_G","Synonymous"
"32363469_A_T","Synonymous"
"32370984_C_G","StopGain"
"32363367_A_T","Synonymous"
"32363385_T_C","Synonymous"
"32376729_T_A","StopGain"
"32363445_T_A","Synonymous"
"32363457_T_A","Synonymous"
"32379394_C_T","StopGain"
"32379446_T_G","StopGain"
"32362579_T_G","StopGain"
"32362619_G_T","StopGain"
"32362685_A_T","StopGain"
"32371078_G_T","StopGain"
"32379449_C_A","StopGain"
"32379361_C_T","StopGain"
"32363391_C_A","Synonymous"
"32379379_A_T","StopGain"
"32362589_A_T","StopGain"
"32376751_T_A","StopGain"
"32362634_A_T","StopGain"
"32363364_T_G","Synonymous"
"32376696_C_G","StopGain"
"32376690_T_G","StopGain"
"32357926_T_A","StopGain"
"32379492_T_G","StopGain"
"32394842_T_A","Synonymous"
"32363403_T_C","Synonymous"
"32371000_A_T","StopGain"
"32376696_C_A","StopGain"
"32394860_T_C","Synonymous"
"32379433_A_T","StopGain"
"32394844_T_A","StopGain"
"32394851_T_C","Synonymous"
"32394797_A_C","Synonymous"
"32376690_T_A","StopGain"
"32363233_A_C","Synonymous"
"32380099_G_T","StopGain"
"32371069_A_T","StopGain"
"32371081_G_T","StopGain"
"32357786_A_T","StopGain"
"32370961_G_T","StopGain"
"32363259_T_G","Synonymous"
"32371033_G_T","StopGain"
"32376688_T_A","StopGain"
"32394734_G_C","Synonymous"
"32376752_G_T","StopGain"
"32363304_T_C","Synonymous"
"32357824_T_A","StopGain"
"32370976_G_T","StopGain"
"32394713_A_G","Synonymous"
"32357909_G_T","StopGain"
"32357865_T_A","StopGain"
"32371045_A_T","StopGain"
"32380114_G_T","StopGain"
"32363410_T_C","Synonymous"
"32379850_A_T","StopGain"
"32363364_T_A","Synonymous"
"32357752_T_G","StopGain"
"32376710_A_T","StopGain"
"32363262_T_A","Synonymous"
"32363206_A_T","StopGain"
"32394692_T_G","Synonymous"
"32370486_C_A","StopGain"
"32363277_C_T","Synonymous"
"32363529_A_G","Synonymous"
"32370506_G_T","StopGain"
"32363199_A_G","Synonymous"
"32376788_G_T","StopGain"
"32356524_T_A","StopGain"
"32376784_C_G","StopGain"
"32370436_T_G","StopGain"
"32379427_G_T","StopGain"
"32363322_A_G","Synonymous"
"32394797_A_T","Synonymous"
"32370436_T_A","StopGain"
"32371012_A_T","StopGain"
"32379776_C_G","StopGain"
"32363221_A_T","StopGain"
"32370536_C_T","StopGain"
"32356531_A_T","StopGain"
"32394794_T_G","Synonymous"
"32380010_C_G","StopGain"
"32379347_T_A","StopGain"
"32379446_T_A","StopGain"
"32379409_A_T","StopGain"
"32357876_G_T","StopGain"
"32380045_G_T","StopGain"
"32362604_A_T","StopGain"
"32370486_C_G","StopGain"
"32379844_A_T","StopGain"
"32363256_A_C","Synonymous"
"32363445_T_G","Synonymous"
"32363187_G_T","Synonymous"
"32394791_T_C","Synonymous"
"32370483_T_A","StopGain"
"32376784_C_A","StopGain"
"32394852_G_T","StopGain"
"32379368_T_A","StopGain"
"32371061_T_G","StopGain"
"32356430_T_G","StopGain"
"32370997_G_T","StopGain"
"32357762_A_T","StopGain"
"32362553_A_T","StopGain"
"32362531_T_A","StopGain"
"32363206_A_C","Synonymous"
"32379875_T_G","StopGain"
"32356512_A_C","Synonymous"
"32380063_A_T","StopGain"
"32363184_T_C","Synonymous"
"32379340_A_T","StopGain"
"32363370_T_C","Synonymous"
"32357849_G_T","StopGain"
"32363220_A_G","Synonymous"
"32363178_A_G","Synonymous"
"32371006_G_T","StopGain"
"32362588_T_A","StopGain"
"32379321_T_A","StopGain"
"32356453_A_T","StopGain"
"32380138_A_T","StopGain"
"32371009_G_T","StopGain"
"32394708_T_C","Synonymous"
"32363442_T_G","Synonymous"
"32363409_C_T","Synonymous"
"32379856_G_T","StopGain"
"32363424_G_A","Synonymous"
"32371054_G_T","StopGain"
"32379822_T_A","StopGain"
"32356579_C_T","StopGain"
"32363262_T_G","Synonymous"
"32362664_G_T","StopGain"
"32357926_T_G","StopGain"
"32357761_T_G","Synonymous"
"32370483_T_G","StopGain"
"32356477_A_T","StopGain"
"32363490_T_C","Synonymous"
"32370487_A_C","Synonymous"
"32363346_A_G","Synonymous"
"32362654_C_A","StopGain"
"32363436_G_C","Synonymous"
"32356596_T_A","StopGain"
"32357841_T_A","StopGain"
"32370503_G_T","StopGain"
"32363445_T_C","Synonymous"
"32394704_C_A","Synonymous"
"32396924_G_T","StopGain"
"32371090_G_T","StopGain"
"32394819_G_T","StopGain"
"32380032_T_A","Synonymous"
"32357852_A_T","StopGain"
"32357903_A_T","StopGain"
"32363283_T_C","Synonymous"
"32379889_A_T","StopGain"
"32363274_T_C","Synonymous"
"32394709_T_A","StopGain"
"32394797_A_G","Synonymous"
"32362609_G_C","Synonymous"
"32363395_T_C","Synonymous"
"32363460_T_A","Synonymous"
"32356430_T_A","StopGain"
"32363478_G_T","Synonymous"
"32363340_C_T","Synonymous"
"32363244_A_T","Synonymous"
"32379900_T_A","StopGain"
"32363505_T_C","Synonymous"
"32363334_A_T","Synonymous"
"32379859_A_T","StopGain"
"32370445_T_A","Synonymous"
"32357912_A_T","StopGain"
"32363250_A_C","Synonymous"
"32394875_T_A","Synonymous"
"32356524_T_G","StopGain"
"32379808_A_T","StopGain"
"32370493_T_G","Synonymous"
"32379805_A_T","StopGain"
"32394818_A_C","Synonymous"
"32394818_A_T","Synonymous"
"32396914_C_A","StopGain"
"32379814_A_T","StopGain"
"32356480_A_T","StopGain"
"32380092_T_C","Synonymous"
"32394818_A_G","Synonymous"
"32379838_A_T","StopGain"
"32376739_T_C","Synonymous"
"32363361_A_G","Synonymous"
"32379886_A_T","StopGain"
"32379867_C_T","Synonymous"
"32357752_T_C","Synonymous"
"32376784_C_T","Synonymous"
"32356573_G_T","StopGain"
"32379875_T_A","StopGain"
"32363203_A_C","Synonymous"
"32394758_T_G","Synonymous"
"32356515_C_T","Synonymous"
"32379776_C_A","StopGain"
"32363411_T_G","StopGain"
"32394761_T_C","Synonymous"
"32357791_T_C","Synonymous"
"32379324_C_T","Synonymous"
"32363403_T_A","Synonymous"
"32380035_C_T","Synonymous"
"32394779_T_A","Synonymous"
"32396923_A_C","Synonymous"
"32379870_A_C","Synonymous"
"32357779_T_C","Synonymous"
"32356479_G_A","Synonymous"
"32356443_T_A","Synonymous"
"32394728_T_C","Synonymous"
"32379348_G_A","Synonymous"
"32370547_C_T","Synonymous"
"32379505_A_T","StopGain"
"32376703_A_C","Synonymous"
"32394866_G_C","Synonymous"
"32370532_T_A","Synonymous"
"32396923_A_T","Synonymous"
"32356452_C_T","Synonymous"
"32363197_A_C","Synonymous"
"32356539_C_T","Synonymous"
"32363187_G_C","Synonymous"
"32396930_A_T","StopGain"
"32363506_G_T","StopGain"
"32376700_T_C","Synonymous"
"32379834_T_A","Synonymous"
"32363208_A_G","Synonymous"
"32376775_C_T","Synonymous"
"32370460_C_T","Synonymous"
"32363316_C_T","Synonymous"
"32394774_A_T","StopGain"
"32362669_G_A","Synonymous"
"32356521_G_C","Synonymous"
"32370464_A_C","Synonymous"
"32376721_T_C","Synonymous"
"32380074_T_C","Synonymous"
"32356461_A_C","Synonymous"
"32394866_G_A","Synonymous"
"32363460_T_C","Synonymous"
"32356539_C_G","Synonymous"
"32394930_G_T","StopGain"
"32379804_A_C","Synonymous"
"32370439_C_A","Synonymous"
"32356452_C_G","Synonymous"
"32379477_G_A","Synonymous"
"32371038_C_A","Synonymous"
"32357908_T_A","Synonymous"
"32379831_A_C","Synonymous"
"32376760_G_C","Synonymous"
"32371048_A_C","Synonymous"
"32379837_A_C","Synonymous"
"32370978_A_T","Synonymous"
"32356437_A_C","Synonymous"
"32357741_C_T","Synonymous"
"32363499_A_T","Synonymous"
"32357758_T_C","Synonymous"
"32370427_T_C","Synonymous"
"32363313_T_G","Synonymous"
"32379894_T_A","Synonymous"
"32379393_C_T","Synonymous"
"32380131_T_C","Synonymous"
"32362528_G_C","Synonymous"
"32394791_T_A","Synonymous"
"32357893_C_T","Synonymous"
"32394829_C_A","StopGain"
"32379855_T_C","Synonymous"
"32370979_T_C","Synonymous"
"32394929_T_G","Synonymous"
"32357794_A_T","Synonymous"
"32363218_A_T","StopGain"
"32357857_A_T","Synonymous"
"32357866_G_A","Synonymous"
"32356557_T_G","Synonymous"
"32363464_G_T","StopGain"
"32357878_A_T","Synonymous"
"32363289_G_A","Synonymous"
"32357923_T_C","Synonymous"
"32379336_G_A","Synonymous"
"32370406_T_G","Synonymous"
"32356473_A_T","Synonymous"
"32357869_T_A","Synonymous"
"32370539_A_C","Synonymous"
"32379885_A_T","Synonymous"
"32356566_A_C","Synonymous"
"32394773_T_C","Synonymous"
"32356434_T_A","Synonymous"
"32379790_C_T","Synonymous"
"32394737_A_C","Synonymous"
"32379408_G_A","Synonymous"
"32379423_T_C","Synonymous"
"32356548_T_G","Synonymous"
"32357840_T_C","Synonymous"
"32379459_C_A","Synonymous"
"32380104_G_C","Synonymous"
"32379501_A_G","Synonymous"
"32379837_A_T","Synonymous"
"32394926_T_C","Synonymous"
"32394725_C_T","Synonymous"
"32356545_G_A","Synonymous"
"32370502_T_C","Synonymous"
"32376742_A_C","Synonymous"
"32394929_T_A","Synonymous"
"32379828_T_A","Synonymous"
"32363334_A_C","Synonymous"
"32356581_A_G","Synonymous"
"32379855_T_A","Synonymous"
"32357785_C_T","Synonymous"
"32394770_T_A","Synonymous"
"32370481_C_A","Synonymous"
"32363241_C_T","Synonymous"
"32356557_T_C","Synonymous"
"32357851_A_C","Synonymous"
"32356545_G_T","Synonymous"
"32363331_T_C","Synonymous"
"32363259_T_A","Synonymous"
"32394900_G_T","StopGain"
"32379819_T_A","Synonymous"
"32379345_C_G","Synonymous"
"32363382_T_C","Synonymous"
"32379345_C_A","Synonymous"
"32363439_A_G","Synonymous"
"32394854_A_C","Synonymous"
"32363313_T_C","Synonymous"
"32356572_A_C","Synonymous"
"32357884_C_A","Synonymous"
"32370978_A_C","Synonymous"
"32356578_C_A","Synonymous"
"32362642_T_C","Synonymous"
"32394758_T_C","Synonymous"
"32356584_T_G","Synonymous"
"32376727_T_C","Synonymous"
"32370550_T_A","Synonymous"
"32394839_T_C","Synonymous"
"32394872_T_A","Synonymous"
"32357875_T_C","Synonymous"
"32357908_T_G","Synonymous"
"32396950_T_C","Synonymous"
"32370535_T_A","Synonymous"
"32363454_T_A","Synonymous"
"32379495_A_T","Synonymous"
"32357857_A_C","Synonymous"
"32394923_T_C","Synonymous"
"32394698_T_C","Synonymous"
"32396914_C_T","Synonymous"
"32357920_A_G","Synonymous"
"32394737_A_T","Synonymous"
"32394932_G_A","Synonymous"
"32379750_T_A","Synonymous"
"32363325_T_A","Synonymous"
"32394704_C_G","Synonymous"
"32357863_G_A","Synonymous"
"32356587_C_A","Synonymous"
"32363487_T_C","Synonymous"
"32394713_A_T","Synonymous"
"32396947_G_T","Synonymous"
"32379780_T_C","Synonymous"
"32363511_C_G","Synonymous"
"32379753_A_C","Synonymous"
"32362585_C_T","Synonymous"
"32379369_G_A","Synonymous"
"32379495_A_C","Synonymous"
"32380021_T_C","Synonymous"
"32394740_A_T","Synonymous"
"32394740_A_C","Synonymous"
"32363436_G_A","Synonymous"
"32356464_G_A","Synonymous"
"32371020_A_T","Synonymous"
"32379864_T_G","Synonymous"
"32362633_T_C","Synonymous"
"32357800_T_C","Synonymous"
"32363379_T_G","StopGain"
"32394905_A_T","Synonymous"
"32363247_T_C","Synonymous"
"32357848_T_A","Synonymous"
"32370544_A_T","Synonymous"
"32357809_T_C","Synonymous"
"32357776_A_G","Synonymous"
"32356575_A_C","Synonymous"
"32370463_T_C","Synonymous"
"32370478_G_C","Synonymous"
"32394825_A_T","StopGain"
"32380134_G_T","Synonymous"
"32379453_G_A","Synonymous"
"32356437_A_T","Synonymous"
"32356566_A_T","Synonymous"
"32356440_T_C","Synonymous"
"32362564_T_G","Synonymous"
"32363214_T_C","Synonymous"
"32362667_A_C","Synonymous"
"32379480_T_C","Synonymous"
"32379873_G_A","Synonymous"
"32394707_T_A","StopGain"
"32363304_T_A","Synonymous"
"32357782_C_T","Synonymous"
"32363520_T_G","Synonymous"
"32356590_T_A","Synonymous"
"32357902_A_C","Synonymous"
"32379468_G_C","Synonymous"
"32380098_T_G","Synonymous"
"32357749_G_C","Synonymous"
"32356506_A_T","Synonymous"
"32363449_A_T","StopGain"
"32376728_T_C","Synonymous"
"32356578_C_T","Synonymous"
"32357773_A_C","Synonymous"
"32363442_T_C","Synonymous"
"32380122_C_G","Synonymous"
"32356545_G_C","Synonymous"
"32394926_T_A","Synonymous"
"32394710_G_A","Synonymous"
"32394908_C_T","Synonymous"
"32363493_C_G","Synonymous"
"32362615_T_G","Synonymous"
"32362564_T_A","Synonymous"
"32394695_C_A","Synonymous"
"32394712_C_A","StopGain"
"32379387_T_G","Synonymous"
"32371044_A_G","Synonymous"
"32363286_A_G","Synonymous"
"32362528_G_T","Synonymous"
"32356503_T_C","Synonymous"
"32370415_T_C","Synonymous"
"32396945_C_T","Synonymous"
"32380128_T_G","Synonymous"
"32380053_T_A","Synonymous"
"32357893_C_A","Synonymous"
"32394881_A_C","Synonymous"
"32379843_T_A","Synonymous"
"32370403_T_A","Synonymous"
"32379447_A_G","Synonymous"
"32357899_T_C","Synonymous"
"32379486_A_C","Synonymous"
"32394836_T_C","Synonymous"
"32394829_C_G","StopGain"
"32394918_A_T","StopGain"
"32370457_T_A","Synonymous"
"32394713_A_C","Synonymous"
"32370448_A_C","Synonymous"
"32356605_A_G","Synonymous"
"32394914_A_G","Synonymous"
"32363418_C_T","Synonymous"
"32394884_A_G","Synonymous"
"32357914_A_G","Synonymous"
"32394875_T_C","Synonymous"
"32370523_T_A","Synonymous"
"32356515_C_A","Synonymous"
"32363460_T_G","Synonymous"
"32357743_G_C","Synonymous"
"32370969_A_T","Synonymous"
"32356536_A_C","Synonymous"
"32356557_T_A","Synonymous"
"32356530_A_T","Synonymous"
"32357827_T_C","Synonymous"
"32363373_G_T","Synonymous"
"32379387_T_A","Synonymous"
"32394890_C_A","Synonymous"
"32379495_A_G","Synonymous"
"32362672_G_A","Synonymous"
"32357890_C_A","Synonymous"
"32356563_A_G","Synonymous"
"32370409_T_A","Synonymous"
"32357860_A_T","Synonymous"
"32396911_T_A","Synonymous"
"32356596_T_C","Synonymous"
"32394893_C_T","Synonymous"
"32379345_C_T","Synonymous"
"32363472_A_G","Synonymous"
"32394815_A_C","Synonymous"
"32356602_T_C","Synonymous"
"32363274_T_G","Synonymous"
"32357800_T_G","Synonymous"
"32362675_T_G","Synonymous"
"32379874_T_C","Synonymous"
"32356506_A_C","Synonymous"
"32363382_T_G","Synonymous"
"32394836_T_A","Synonymous"
"32363305_G_T","StopGain"
"32379420_A_G","Synonymous"
"32362645_T_A","Synonymous"
"32394854_A_T","Synonymous"
"32380131_T_G","Synonymous"
"32362678_T_C","Synonymous"
"32396941_T_C","Synonymous"
"32356578_C_G","Synonymous"
"32379864_T_A","Synonymous"
"32370993_C_G","Synonymous"
"32362565_A_C","Synonymous"
"32394698_T_A","Synonymous"
"32396908_A_C","Synonymous"
"32356443_T_C","Synonymous"
"32370439_C_G","Synonymous"
"32394866_G_T","Synonymous"
"32396902_T_A","Synonymous"
"32370999_A_G","Synonymous"
"32356437_A_G","Synonymous"
"32379445_T_C","Synonymous"
"32379879_A_T","Synonymous"
"32356575_A_G","Synonymous"
"32356590_T_G","Synonymous"
"32362537_T_A","Synonymous"
"32371047_G_A","Synonymous"
"32379381_A_G","Synonymous"
"32370987_A_T","Synonymous"
"32394920_A_G","Synonymous"
"32362612_A_T","Synonymous"
"32363466_A_C","Synonymous"
"32357818_A_G","Synonymous"
"32396911_T_G","Synonymous"
"32370424_T_C","Synonymous"
"32380069_T_C","Synonymous"
"32380125_T_G","Synonymous"
"32370427_T_G","Synonymous"
"32370469_T_A","Synonymous"
"32363301_A_C","Synonymous"
"32370409_T_G","Synonymous"
"32362657_A_T","Synonymous"
"32357902_A_G","Synonymous"
"32356569_A_T","Synonymous"
"32379513_A_T","Synonymous"
"32356473_A_G","Synonymous"
"32370427_T_A","Synonymous"
"32363520_T_C","Synonymous"
"32380032_T_C","Synonymous"
"32380122_C_A","Synonymous"
"32363431_A_C","Synonymous"
"32356569_A_G","Synonymous"
"32357764_A_G","Synonymous"
"32380131_T_A","Synonymous"
"32356524_T_C","Synonymous"
"32356467_T_C","Synonymous"
"32370993_C_A","Synonymous"
"32394843_T_C","Synonymous"
"32380128_T_A","Synonymous"
"32394755_C_T","Synonymous"
"32394839_T_A","Synonymous"
"32379510_T_C","Synonymous"
"32363217_A_C","Synonymous"
"32370451_C_T","Synonymous"
"32356476_T_A","Synonymous"
"32356452_C_A","Synonymous"
"32356599_T_A","Synonymous"
"32370508_A_G","Synonymous"
"32379816_A_G","Synonymous"
"32396953_A_T","Synonymous"
"32356551_A_C","Synonymous"
"32363385_T_G","Synonymous"
"32394698_T_G","Synonymous"
"32357890_C_T","Synonymous"
"32356558_C_T","Synonymous"
"32356548_T_C","Synonymous"
"32356560_G_T","Synonymous"
"32363511_C_T","Synonymous"
"32357794_A_C","Synonymous"
"32370484_A_G","Synonymous"
"32371000_A_C","Synonymous"
"32380011_A_C","Synonymous"
"32380008_T_C","Synonymous"
"32362684_A_G","Synonymous"
"32379483_T_A","Synonymous"
"32362672_G_T","Synonymous"
"32363430_C_A","Synonymous"
"32370481_C_G","Synonymous"
"32363470_G_T","StopGain"
"32362636_G_A","Synonymous"
"32356527_T_C","Synonymous"
"32362678_T_A","Synonymous"
"32394746_T_C","Synonymous"
"32370475_T_A","Synonymous"
"32370550_T_C","Synonymous"
"32394786_T_C","Synonymous"
"32394911_C_T","Synonymous"
"32370538_A_G","Synonymous"
"32363418_C_G","Synonymous"
"32370472_T_C","Synonymous"
"32396920_A_G","Synonymous"
"32379337_T_C","Synonymous"
"32362525_T_A","Synonymous"
"32357857_A_G","Synonymous"
"32357758_T_G","Synonymous"
"32363313_T_A","Synonymous"
"32357875_T_A","Synonymous"
"32394752_A_T","Synonymous"
"32380134_G_C","Synonymous"
"32370978_A_G","Synonymous"
"32356548_T_A","Synonymous"
"32379414_C_T","Synonymous"
"32363475_G_T","Synonymous"
"32356551_A_G","Synonymous"
"32370505_A_G","Synonymous"
"32370972_A_C","Synonymous"
"32394830_A_C","Synonymous"
"32380110_A_T","Synonymous"
"32394767_C_T","Synonymous"
"32362564_T_C","Synonymous"
"32356584_T_C","Synonymous"
"32379321_T_C","Synonymous"
"32357851_A_T","Synonymous"
"32370403_T_C","Synonymous"
"32380008_T_A","Synonymous"
"32370990_T_C","Synonymous"
"32363280_A_T","Synonymous"
"32379813_C_T","Synonymous"
"32357890_C_G","Synonymous"
"32370475_T_C","Synonymous"
"32363520_T_A","Synonymous"
"32379396_G_A","Synonymous"
"32363422_A_T","StopGain"
"32370505_A_T","Synonymous"
"32363496_T_C","Synonymous"
"32370457_T_C","Synonymous"
"32394773_T_A","Synonymous"
"32379885_A_G","Synonymous"
"32379831_A_T","Synonymous"
"32363439_A_T","Synonymous"
"32363514_A_C","Synonymous"
"32379405_T_A","Synonymous"
"32363436_G_T","Synonymous"
"32379384_A_G","Synonymous"
"32380008_T_G","Synonymous"
"32379861_A_G","Synonymous"
"32371038_C_G","Synonymous"
"32394830_A_T","Synonymous"
"32380053_T_G","Synonymous"
"32362543_T_C","Synonymous"
"32370517_T_A","Synonymous"
"32394803_C_T","Synonymous"
"32380110_A_C","Synonymous"
"32370469_T_G","Synonymous"
"32379834_T_C","Synonymous"
"32362576_T_G","Synonymous"
"32363430_C_G","Synonymous"
"32362678_T_G","Synonymous"
"32379864_T_C","Synonymous"
"32370445_T_C","Synonymous"
"32396917_T_C","Synonymous"
"32363295_A_C","Synonymous"
"32376772_A_G","Synonymous"
"32370475_T_G","Synonymous"
"32363451_G_A","Synonymous"
"32394890_C_G","Synonymous"
"32363505_T_G","Synonymous"
"32394905_A_C","Synonymous"
"32379340_A_C","Synonymous"
"32370469_T_C","Synonymous"
"32370975_T_A","Synonymous"
"32380059_C_T","Synonymous"
"32394689_A_G","Synonymous"
"32356434_T_C","Synonymous"
"32371059_C_G","Synonymous"
"32357755_C_A","Synonymous"
"32363434_C_T","Synonymous"
"32363406_C_A","Synonymous"
"32394896_T_C","Synonymous"
"32371023_A_C","Synonymous"
"32363502_T_A","Synonymous"
"32371002_A_G","Synonymous"
"32362576_T_C","Synonymous"
"32356530_A_G","Synonymous"
"32379426_T_A","Synonymous"
"32370514_T_G","Synonymous"
"32379459_C_G","Synonymous"
"32376739_T_A","Synonymous"
"32394692_T_C","Synonymous"
"32370406_T_C","Synonymous"
"32362526_C_T","Synonymous"
"32379351_T_C","Synonymous"
"32362549_T_C","Synonymous"
"32356599_T_G","Synonymous"
"32356527_T_G","Synonymous"
"32376685_A_C","Synonymous"
"32379486_A_T","Synonymous"
"32394794_T_A","Synonymous"
"32396926_A_G","Synonymous"
"32363280_A_C","Synonymous"
"32394689_A_C","Synonymous"
"32363523_T_G","Synonymous"
"32356536_A_T","Synonymous"
"32356542_T_G","Synonymous"
"32371068_T_C","Synonymous"
"32356518_T_C","Synonymous"
"32379768_T_A","Synonymous"
"32380077_A_T","Synonymous"
"32363433_A_G","Synonymous"
"32380077_A_C","Synonymous"
"32356515_C_G","Synonymous"
"32362567_A_G","Synonymous"
"32362649_A_C","Synonymous"
"32362525_T_G","Synonymous"
"32370463_T_G","Synonymous"
"32363340_C_G","Synonymous"
"32396908_A_T","Synonymous"
"32363226_A_T","Synonymous"
"32362600_A_C","Synonymous"
"32394731_A_G","Synonymous"
"32394872_T_C","Synonymous"
"32370553_A_T","Synonymous"
"32356530_A_C","Synonymous"
"32363385_T_A","Synonymous"
"32370457_T_G","Synonymous"
"32356443_T_G","Synonymous"
"32379474_G_A","Synonymous"
"32356575_A_T","Synonymous"
"32363391_C_T","Synonymous"
"32376727_T_G","Synonymous"
"32356453_A_C","Synonymous"
"32356551_A_T","Synonymous"
"32356461_A_T","Synonymous"
"32376709_A_C","Synonymous"
"32356539_C_A","Synonymous"
"32363247_T_G","Synonymous"
"32362624_T_C","Synonymous"
"32380116_A_G","Synonymous"
"32376745_G_A","Synonymous"
"32394902_G_A","Synonymous"
"32380104_G_A","Synonymous"
"32362615_T_C","Synonymous"
"32370517_T_G","Synonymous"
"32356473_A_C","Synonymous"
"32379450_A_T","Synonymous"
"32380071_A_G","Synonymous"
"32356476_T_C","Synonymous"
"32357893_C_G","Synonymous"
"32394863_T_A","Synonymous"
"32394779_T_C","Synonymous"
"32356560_G_C","Synonymous"
"32370493_T_A","Synonymous"
"32357797_G_A","Synonymous"
"32362537_T_C","Synonymous"
"32371011_A_G","Synonymous"
"32362627_C_A","Synonymous"
"32362666_A_G","Synonymous"
"32362672_G_C","Synonymous"
"32371092_A_G","Synonymous"
"32356572_A_T","Synonymous"
"32371095_T_C","Synonymous"
"32396953_A_C","Synonymous"
"32370532_T_C","Synonymous"
"32357869_T_G","Synonymous"
"32379402_A_G","Synonymous"
"32394863_T_C","Synonymous"
"32376760_G_A","Synonymous"
"32357848_T_C","Synonymous"
"32357800_T_A","Synonymous"
"32380116_A_C","Synonymous"
"32371071_A_G","Synonymous"
"32370499_T_C","Synonymous"
"32362612_A_C","Synonymous"
"32362606_A_G","Synonymous"
"32362552_A_G","Synonymous"
"32379882_G_T","Synonymous"
"32362558_T_G","Synonymous"
"32394887_G_A","Synonymous"
"32363403_T_G","Synonymous"
"32357884_C_G","Synonymous"
"32357779_T_A","Synonymous"
"32362607_C_T","Synonymous"
"32370505_A_C","Synonymous"
"32363523_T_C","Synonymous"
"32371053_A_G","Synonymous"
"32370478_G_A","Synonymous"
"32394689_A_T","Synonymous"
"32363420_T_G","StopGain"
"32380143_A_C","Synonymous"
"32376769_A_C","Synonymous"
"32362675_T_C","Synonymous"
"32363415_T_G","Synonymous"
"32363310_T_A","Synonymous"
"32376706_A_C","Synonymous"
"32370553_A_C","Synonymous"
"32394730_T_A","StopGain"
"32379843_T_C","Synonymous"
"32376718_A_G","Synonymous"
"32394788_A_G","Synonymous"
"32394692_T_A","Synonymous"
"32379444_T_G","Synonymous"
"32380089_A_C","Synonymous"
"32379762_T_C","Synonymous"
"32380050_C_A","Synonymous"
"32362609_G_T","Synonymous"
"32394758_T_A","Synonymous"
"32394776_G_A","Synonymous"
"32380077_A_G","Synonymous"
"32394737_A_G","Synonymous"
"32363505_T_A","Synonymous"
"32363523_T_A","Synonymous"
"32379808_A_C","Synonymous"
"32362633_T_A","Synonymous"
"32371017_A_G","Synonymous"
"32356491_G_A","Synonymous"
"32379426_T_G","Synonymous"
"32379756_G_C","Synonymous"
"32371059_C_A","Synonymous"
"32363386_A_T","StopGain"
"32380137_A_G","Synonymous"
"32362630_T_C","Synonymous"
"32363431_A_T","StopGain"
"32379462_A_T","Synonymous"
"32363295_A_T","Synonymous"
"32376781_T_G","Synonymous"
"32379837_A_G","Synonymous"
"32394872_T_G","Synonymous"
"32356489_A_C","Synonymous"
"32379358_A_C","Synonymous"
"32363469_A_G","Synonymous"
"32371023_A_T","Synonymous"
"32363373_G_A","Synonymous"
"32379843_T_G","Synonymous"
"32362522_G_A","Synonymous"
"32363481_C_G","Synonymous"
"32376724_T_A","Synonymous"
"32394824_C_A","Synonymous"
"32356566_A_G","Synonymous"
"32356497_C_A","Synonymous"
"32357842_A_G","Synonymous"
"32362633_T_G","Synonymous"
"32394722_T_C","Synonymous"
"32376700_T_A","Synonymous"
"32379846_A_G","Synonymous"
"32370508_A_C","Synonymous"
"32363232_A_G","Synonymous"
"32357878_A_C","Synonymous"
"32362576_T_A","Synonymous"
"32394806_C_A","Synonymous"
"32370424_T_G","Synonymous"
"32363271_T_A","Synonymous"
"32356542_T_A","Synonymous"
"32363274_T_A","Synonymous"
"32379819_T_C","Synonymous"
"32356500_C_A","Synonymous"
"32380113_A_T","Synonymous"
"32363442_T_A","Synonymous"
"32370535_T_C","Synonymous"
"32362570_T_A","Synonymous"
"32362684_A_T","Synonymous"
"32357815_T_G","Synonymous"
"32394815_A_G","Synonymous"
"32356521_G_T","Synonymous"
"32363226_A_C","Synonymous"
"32363217_A_T","Synonymous"
"32379462_A_C","Synonymous"
"32363427_T_C","Synonymous"
"32363514_A_T","Synonymous"
"32356431_A_G","Synonymous"
"32394836_T_G","Synonymous"
"32362627_C_T","Synonymous"
"32357927_A_C","Synonymous"
"32380119_T_C","Synonymous"
"32363473_C_T","Synonymous"
"32363528_T_A","StopGain"
"32396905_C_T","Synonymous"
"32380107_C_T","Synonymous"
"32363481_C_T","Synonymous"
"32379423_T_G","Synonymous"
"32357761_T_A","Synonymous"
"32394839_T_G","Synonymous"
"32357848_T_G","Synonymous"
"32380062_C_T","Synonymous"
"32357743_G_T","Synonymous"
"32362537_T_G","Synonymous"
"32379771_A_T","Synonymous"
"32379480_T_A","Synonymous"
"32363511_C_A","Synonymous"
"32376703_A_T","Synonymous"
"32379879_A_G","Synonymous"
"32371041_A_G","Synonymous"
"32370406_T_A","Synonymous"
"32357839_T_C","Synonymous"
"32376706_A_T","Synonymous"
"32371020_A_C","Synonymous"
"32363268_T_C","Synonymous"
"32363487_T_A","Synonymous"
"32363382_T_A","Synonymous"
"32376727_T_A","Synonymous"
"32379468_G_T","Synonymous"
"32379393_C_A","Synonymous"
"32394842_T_C","Synonymous"
"32379781_T_C","Synonymous"
"32371056_A_G","Synonymous"
"32379342_A_G","Synonymous"
"32376679_A_C","Synonymous"
"32362639_A_G","Synonymous"
"32376721_T_A","Synonymous"
"32362684_A_C","Synonymous"
"32380041_A_T","Synonymous"
"32379507_A_G","Synonymous"
"32379762_T_A","Synonymous"
"32376685_A_T","Synonymous"
"32363415_T_A","Synonymous"
"32370424_T_A","Synonymous"
"32380113_A_C","Synonymous"
"32379378_G_A","Synonymous"
"32363320_A_T","StopGain"
"32356429_T_C","Synonymous"
"32363310_T_C","Synonymous"
"32394815_A_T","Synonymous"
"32371074_T_A","Synonymous"
"32376766_T_C","Synonymous"
"32363484_T_A","Synonymous"
"32376697_A_T","Synonymous"
"32380143_A_G","Synonymous"
"32370430_C_T","Synonymous"
"32379444_T_C","Synonymous"
"32357905_G_A","Synonymous"
"32371020_A_G","Synonymous"
"32379423_T_A","Synonymous"
"32379504_A_G","Synonymous"
"32357911_A_G","Synonymous"
"32363493_C_A","Synonymous"
"32362612_A_G","Synonymous"
"32363359_G_T","StopGain"
"32376709_A_T","Synonymous"
"32363325_T_C","Synonymous"
"32362540_A_C","Synonymous"
"32371083_A_G","Synonymous"
"32379444_T_A","Synonymous"
"32363283_T_A","Synonymous"
"32363307_A_G","Synonymous"
"32380143_A_T","Synonymous"
"32379777_A_C","Synonymous"
"32379750_T_C","Synonymous"
"32376739_T_G","Synonymous"
"32363238_T_C","Synonymous"
"32362543_T_G","Synonymous"
"32363286_A_C","Synonymous"
"32379804_A_G","Synonymous"
"32357911_A_C","Synonymous"
"32370445_T_G","Synonymous"
"32356527_T_A","Synonymous"
"32362682_C_T","Synonymous"
"32379346_T_C","Synonymous"
"32379822_T_C","Synonymous"
"32363286_A_T","Synonymous"
"32396947_G_A","Synonymous"
"32379801_A_G","Synonymous"
"32370523_T_C","Synonymous"
"32379814_A_C","Synonymous"
"32363478_G_A","Synonymous"
"32379414_C_G","Synonymous"
"32380098_T_A","Synonymous"
"32394734_G_T","Synonymous"
"32363265_C_G","Synonymous"
"32396944_A_C","Synonymous"
"32362561_T_C","Synonymous"
"32376700_T_G","Synonymous"
"32363244_A_C","Synonymous"
"32379774_A_T","Synonymous"
"32363481_C_A","Synonymous"
"32362552_A_T","Synonymous"
"32394729_T_C","Synonymous"
"32363271_T_G","Synonymous"
"32376769_A_T","Synonymous"
"32396923_A_G","Synonymous"
"32379456_T_C","Synonymous"
"32376694_A_C","Synonymous"
"32370463_T_A","Synonymous"
"32376679_A_T","Synonymous"
"32379450_A_C","Synonymous"
"32379855_T_G","Synonymous"
"32362570_T_C","Synonymous"
"32379768_T_C","Synonymous"
"32379753_A_T","Synonymous"
"32376709_A_G","Synonymous"
"32379318_T_G","Synonymous"
"32394851_T_G","Synonymous"
"32379834_T_G","Synonymous"
"32363373_G_C","Synonymous"
"32357860_A_C","Synonymous"
"32376778_A_C","Synonymous"
"32380104_G_T","Synonymous"
"32362531_T_C","Synonymous"
"32363244_A_G","Synonymous"
"32370482_T_C","Synonymous"
"32362558_T_C","Synonymous"
"32371053_A_C","Synonymous"
"32363285_C_A","StopGain"
"32370523_T_G","Synonymous"
"32370975_T_G","Synonymous"
"32357770_C_T","Synonymous"
"32363527_T_C","Synonymous"
"32371053_A_T","Synonymous"
"32394875_T_G","Synonymous"
"32379363_A_G","Synonymous"
"32363247_T_A","Synonymous"
"32379432_A_G","Synonymous"
"32362561_T_A","Synonymous"
"32379406_A_C","Synonymous"
"32394926_T_G","Synonymous"
"32379828_T_G","Synonymous"
"32379492_T_C","Synonymous"
"32371062_A_G","Synonymous"
"32357887_A_C","Synonymous"
"32370544_A_C","Synonymous"
"32370963_G_A","Synonymous"
"32362645_T_G","Synonymous"
"32363475_G_A","Synonymous"
"32371008_A_G","Synonymous"
"32356533_A_G","Synonymous"
"32363419_T_C","Synonymous"
"32379429_A_G","Synonymous"
"32362651_A_G","Synonymous"
"32371065_C_T","Synonymous"
"32376781_T_C","Synonymous"
"32370409_T_C","Synonymous"
"32356455_A_G","Synonymous"
"32356599_T_C","Synonymous"
"32376724_T_G","Synonymous"
"32362627_C_G","Synonymous"
"32396935_T_A","Synonymous"
"32396944_A_T","Synonymous"
"32380101_G_A","Synonymous"
"32394882_A_T","StopGain"
"32357821_T_C","Synonymous"
"32357815_T_A","Synonymous"
"32379327_T_C","Synonymous"
"32362663_A_T","Synonymous"
"32362600_A_T","Synonymous"
"32380125_T_A","Synonymous"
"32379330_A_G","Synonymous"
"32379870_A_T","Synonymous"
"32371077_G_A","Synonymous"
"32356428_T_C","Synonymous"
"32371060_T_C","Synonymous"
"32371068_T_A","Synonymous"
"32370430_C_G","Synonymous"
"32363411_T_A","StopGain"
"32376697_A_C","Synonymous"
"32376682_A_G","Synonymous"
"32362540_A_T","Synonymous"
"32363250_A_T","Synonymous"
"32363457_T_C","Synonymous"
"32379900_T_C","Synonymous"
"32394881_A_T","Synonymous"
"32379859_A_C","Synonymous"
"32376748_T_A","Synonymous"
"32370972_A_T","Synonymous"
"32356569_A_C","Synonymous"
"32363223_G_A","Synonymous"
"32362579_T_C","Synonymous"
"32379828_T_C","Synonymous"
"32371050_A_G","Synonymous"
"32357917_A_G","Synonymous"
"32362540_A_G","Synonymous"
"32376772_A_C","Synonymous"
"32357908_T_C","Synonymous"
"32363409_C_G","Synonymous"
"32370550_T_G","Synonymous"
"32371089_A_G","Synonymous"
"32370418_T_A","Synonymous"
"32362582_T_C","Synonymous"
"32371068_T_G","Synonymous"
"32363253_A_G","Synonymous"
"32379879_A_C","Synonymous"
"32394890_C_T","Synonymous"
"32371032_G_T","Synonymous"
"32370514_T_C","Synonymous"
"32394730_T_G","StopGain"
"32362663_A_C","Synonymous"
"32357869_T_C","Synonymous"
"32370969_A_C","Synonymous"
"32376787_T_A","Synonymous"
"32370517_T_C","Synonymous"
"32376742_A_G","Synonymous"
"32363265_C_A","Synonymous"
"32394695_C_G","Synonymous"
"32376694_A_G","Synonymous"
"32356449_T_C","Synonymous"
"32363301_A_T","Synonymous"
"32356485_A_G","Synonymous"
"32362597_C_T","Synonymous"
"32363214_T_G","Synonymous"
"32396947_G_C","Synonymous"
"32380089_A_T","Synonymous"
"32394824_C_G","Synonymous"
"32379372_T_C","Synonymous"
"32376778_A_G","Synonymous"
"32362654_C_T","Synonymous"
"32356554_C_T","Synonymous"
"32379750_T_G","Synonymous"
"32363400_T_C","Synonymous"
"32376748_T_C","Synonymous"
"32370430_C_A","Synonymous"
"32356549_C_A","Synonymous"
"32363214_T_A","Synonymous"
"32379426_T_C","Synonymous"
"32394813_C_A","Synonymous"
"32370529_A_T","Synonymous"
"32370418_T_G","Synonymous"
"32379354_T_C","Synonymous"
"32379339_A_G","Synonymous"
"32362609_G_A","Synonymous"
"32363514_A_G","Synonymous"
"32363310_T_G","Synonymous"
"32362525_T_C","Synonymous"
"32379405_T_C","Synonymous"
"32380134_G_A","Synonymous"
"32379891_A_G","Synonymous"
"32356512_A_T","Synonymous"
"32362675_T_A","Synonymous"
"32376721_T_G","Synonymous"
"32376781_T_A","Synonymous"
"32380092_T_G","Synonymous"
"32379894_T_G","Synonymous"
"32376760_G_T","Synonymous"
"32379768_T_G","Synonymous"
"32379451_A_C","Synonymous"
"32379513_A_C","Synonymous"
"32376757_A_C","Synonymous"
"32380053_T_C","Synonymous"
"32363349_G_T","Synonymous"
"32376710_A_C","Synonymous"
"32379318_T_C","Synonymous"
"32376676_A_C","Synonymous"
"32363352_C_A","Synonymous"
"32379840_A_G","Synonymous"
"32379876_A_G","Synonymous"
"32357864_T_C","Synonymous"
"32394848_T_C","Synonymous"
"32379318_T_A","Synonymous"
"32379498_A_G","Synonymous"
"32376772_A_T","Synonymous"
"32394881_A_G","Synonymous"
"32362589_A_C","Synonymous"
"32356458_T_C","Synonymous"
"32380092_T_A","Synonymous"
"32376742_A_T","Synonymous"
"32376748_T_G","Synonymous"
"32362543_T_A","Synonymous"
"32363250_A_G","Synonymous"
"32363337_T_C","Synonymous"
"32363358_T_A","Synonymous"
"32376706_A_G","Synonymous"
"32363478_G_C","Synonymous"
"32394869_T_C","Synonymous"
"32363349_G_C","Synonymous"
"32376676_A_G","Synonymous"
"32363295_A_G","Synonymous"
"32376787_T_C","Synonymous"
"32380128_T_C","Synonymous"
"32363502_T_G","Synonymous"
"32363251_A_T","StopGain"
"32376757_A_T","Synonymous"
"32394779_T_G","Synonymous"
"32379849_T_C","Synonymous"
"32376694_A_T","Synonymous"
"32376676_A_T","Synonymous"
"32363499_A_C","Synonymous"
"32363355_T_A","Synonymous"
"32363352_C_G","Synonymous"
"32356446_G_A","Synonymous"
"32356471_C_A","Synonymous"
"32356482_G_A","Synonymous"
"32356488_A_G","Synonymous"
"32356494_A_G","Synonymous"
"32356497_C_G","Synonymous"
"32356500_C_G","Synonymous"
"32356500_C_T","Synonymous"
"32356506_A_G","Synonymous"
"32356512_A_G","Synonymous"
"32356519_C_T","Synonymous"
"32356521_G_A","Synonymous"
"32356536_A_G","Synonymous"
"32356542_T_C","Synonymous"
"32356543_C_T","Synonymous"
"32356554_C_A","Synonymous"
"32356560_G_A","Synonymous"
"32356572_A_G","Synonymous"
"32356584_T_A","Synonymous"
"32356587_C_T","Synonymous"
"32356587_C_G","Synonymous"
"32356590_T_C","Synonymous"
"32357743_G_A","Synonymous"
"32357749_G_T","Synonymous"
"32357749_G_A","Synonymous"
"32357755_C_G","Synonymous"
"32357755_C_T","Synonymous"
"32357758_T_A","Synonymous"
"32357761_T_C","Synonymous"
"32357767_T_C","Synonymous"
"32357788_A_G","Synonymous"
"32357794_A_G","Synonymous"
"32357803_T_C","Synonymous"
"32357806_G_A","Synonymous"
"32357812_C_T","Synonymous"
"32357815_T_C","Synonymous"
"32357824_T_C","Synonymous"
"32357836_A_G","Synonymous"
"32357872_T_C","Synonymous"
"32357884_C_T","Synonymous"
"32357887_A_T","Synonymous"
"32357896_T_C","Synonymous"
"32357926_T_C","Synonymous"
"32362528_G_A","Synonymous"
"32362534_C_T","Synonymous"
"32362552_A_C","Synonymous"
"32362555_G_A","Synonymous"
"32362558_T_A","Synonymous"
"32362588_T_C","Synonymous"
"32362597_C_A","Synonymous"
"32362615_T_A","Synonymous"
"32362621_A_G","Synonymous"
"32362645_T_C","Synonymous"
"32362648_T_C","Synonymous"
"32362655_C_T","Synonymous"
"32362657_A_C","Synonymous"
"32362657_A_G","Synonymous"
"32362660_C_T","Synonymous"
"32362663_A_G","Synonymous"
"32362681_A_G","Synonymous"
"32362687_A_G","Synonymous"
"32363181_T_C","Synonymous"
"32363187_G_A","Synonymous"
"32363190_A_G","Synonymous"
"32363193_T_A","Synonymous"
"32363193_T_C","Synonymous"
"32363196_T_C","Synonymous"
"32363202_C_T","Synonymous"
"32363205_A_G","Synonymous"
"32363235_G_A","Synonymous"
"32363256_A_G","Synonymous"
"32363256_A_T","Synonymous"
"32363259_T_C","Synonymous"
"32363262_T_C","Synonymous"
"32363265_C_T","Synonymous"
"32363271_T_C","Synonymous"
"32363287_T_C","Synonymous"
"32363292_C_T","Synonymous"
"32363298_T_C","Synonymous"
"32363304_T_G","Synonymous"
"32363319_T_C","Synonymous"
"32363325_T_G","Synonymous"
"32363328_T_C","Synonymous"
"32363334_A_G","Synonymous"
"32363340_C_A","Synonymous"
"32363343_A_G","Synonymous"
"32363349_G_A","Synonymous"
"32363352_C_T","Synonymous"
"32363355_T_C","Synonymous"
"32363358_T_C","Synonymous"
"32363364_T_C","Synonymous"
"32363367_A_C","Synonymous"
"32363367_A_G","Synonymous"
"32363379_T_C","Synonymous"
"32363388_G_A","Synonymous"
"32363394_G_A","Synonymous"
"32363397_A_G","Synonymous"
"32363406_C_G","Synonymous"
"32363406_C_T","Synonymous"
"32363409_C_A","Synonymous"
"32363412_A_G","Synonymous"
"32363415_T_C","Synonymous"
"32363418_C_A","Synonymous"
"32363421_A_G","Synonymous"
"32363430_C_T","Synonymous"
"32363439_A_C","Synonymous"
"32363448_G_A","Synonymous"
"32363454_T_C","Synonymous"
"32363463_T_C","Synonymous"
"32363466_A_G","Synonymous"
"32363466_A_T","Synonymous"
"32363469_A_C","Synonymous"
"32363475_G_C","Synonymous"
"32363484_T_C","Synonymous"
"32363484_T_G","Synonymous"
"32363487_T_G","Synonymous"
"32363493_C_T","Synonymous"
"32363499_A_G","Synonymous"
"32363502_T_C","Synonymous"
"32363508_A_G","Synonymous"
"32363517_A_G","Synonymous"
"32370412_C_T","Synonymous"
"32370418_T_C","Synonymous"
"32370436_T_C","Synonymous"
"32370442_A_G","Synonymous"
"32370448_A_G","Synonymous"
"32370454_T_C","Synonymous"
"32370476_C_T","Synonymous"
"32370478_G_T","Synonymous"
"32370481_C_T","Synonymous"
"32370487_A_G","Synonymous"
"32370490_G_A","Synonymous"
"32370493_T_C","Synonymous"
"32370496_C_T","Synonymous"
"32370511_T_C","Synonymous"
"32370520_T_C","Synonymous"
"32370526_T_C","Synonymous"
"32370529_A_C","Synonymous"
"32370529_A_G","Synonymous"
"32370541_A_G","Synonymous"
"32370544_A_G","Synonymous"
"32370966_G_A","Synonymous"
"32370969_A_G","Synonymous"
"32370972_A_G","Synonymous"
"32370975_T_C","Synonymous"
"32370981_A_G","Synonymous"
"32370984_C_T","Synonymous"
"32370987_A_C","Synonymous"
"32370993_C_T","Synonymous"
"32370996_T_C","Synonymous"
"32371014_G_A","Synonymous"
"32371023_A_G","Synonymous"
"32371026_A_G","Synonymous"
"32371029_T_C","Synonymous"
"32371032_G_C","Synonymous"
"32371032_G_A","Synonymous"
"32371035_G_A","Synonymous"
"32371038_C_T","Synonymous"
"32371051_C_T","Synonymous"
"32371059_C_T","Synonymous"
"32371074_T_C","Synonymous"
"32371080_G_A","Synonymous"
"32371086_T_C","Synonymous"
"32376673_C_T","Synonymous"
"32376679_A_G","Synonymous"
"32376685_A_G","Synonymous"
"32376688_T_C","Synonymous"
"32376689_T_C","Synonymous"
"32376691_A_G","Synonymous"
"32376697_A_G","Synonymous"
"32376703_A_G","Synonymous"
"32376704_C_T","Synonymous"
"32376712_A_G","Synonymous"
"32376715_G_A","Synonymous"
"32376724_T_C","Synonymous"
"32376730_G_A","Synonymous"
"32376736_T_C","Synonymous"
"32376751_T_C","Synonymous"
"32376754_A_G","Synonymous"
"32376757_A_G","Synonymous"
"32376763_G_A","Synonymous"
"32376769_A_G","Synonymous"
"32376778_A_T","Synonymous"
"32379333_G_A","Synonymous"
"32379357_C_T","Synonymous"
"32379360_G_A","Synonymous"
"32379367_T_C","Synonymous"
"32379375_T_C","Synonymous"
"32379387_T_C","Synonymous"
"32379390_G_A","Synonymous"
"32379397_T_C","Synonymous"
"32379399_G_A","Synonymous"
"32379411_G_A","Synonymous"
"32379414_C_A","Synonymous"
"32379435_G_A","Synonymous"
"32379438_A_G","Synonymous"
"32379441_A_G","Synonymous"
"32379450_A_G","Synonymous"
"32379459_C_T","Synonymous"
"32379462_A_G","Synonymous"
"32379468_G_A","Synonymous"
"32379475_T_C","Synonymous"
"32379480_T_G","Synonymous"
"32379483_T_C","Synonymous"
"32379486_A_G","Synonymous"
"32379489_C_T","Synonymous"
"32379513_A_G","Synonymous"
"32379754_C_T","Synonymous"
"32379756_G_A","Synonymous"
"32379759_T_C","Synonymous"
"32379771_A_G","Synonymous"
"32379774_A_C","Synonymous"
"32379774_A_G","Synonymous"
"32379783_A_G","Synonymous"
"32379792_G_A","Synonymous"
"32379795_A_G","Synonymous"
"32379807_G_A","Synonymous"
"32379810_A_G","Synonymous"
"32379825_T_C","Synonymous"
"32379831_A_G","Synonymous"
"32379858_A_G","Synonymous"
"32379882_G_A","Synonymous"
"32379885_A_C","Synonymous"
"32379888_A_G","Synonymous"
"32379894_T_C","Synonymous"
"32379897_G_A","Synonymous"
"32379903_A_G","Synonymous"
"32379906_A_G","Synonymous"
"32380014_T_C","Synonymous"
"32380023_A_G","Synonymous"
"32380038_G_A","Synonymous"
"32380041_A_C","Synonymous"
"32380041_A_G","Synonymous"
"32380047_G_A","Synonymous"
"32380050_C_G","Synonymous"
"32380050_C_T","Synonymous"
"32380056_C_T","Synonymous"
"32380065_A_G","Synonymous"
"32380068_T_C","Synonymous"
"32380080_C_T","Synonymous"
"32380083_T_C","Synonymous"
"32380086_G_A","Synonymous"
"32380089_A_G","Synonymous"
"32380095_T_C","Synonymous"
"32380098_T_C","Synonymous"
"32380108_C_T","Synonymous"
"32380110_A_G","Synonymous"
"32380116_A_T","Synonymous"
"32380122_C_T","Synonymous"
"32380125_T_C","Synonymous"
"32380140_A_G","Synonymous"
"32394695_C_T","Synonymous"
"32394701_C_T","Synonymous"
"32394704_C_T","Synonymous"
"32394707_T_C","Synonymous"
"32394716_C_T","Synonymous"
"32394719_A_G","Synonymous"
"32394732_C_T","Synonymous"
"32394734_G_A","Synonymous"
"32394743_G_A","Synonymous"
"32394752_A_C","Synonymous"
"32394764_G_A","Synonymous"
"32394770_T_C","Synonymous"
"32394782_T_C","Synonymous"
"32394794_T_C","Synonymous"
"32394806_C_G","Synonymous"
"32394806_C_T","Synonymous"
"32394809_G_A","Synonymous"
"32394821_A_G","Synonymous"
"32394824_C_T","Synonymous"
"32394827_A_G","Synonymous"
"32394830_A_G","Synonymous"
"32394842_T_G","Synonymous"
"32394845_A_G","Synonymous"
"32394854_A_G","Synonymous"
"32394857_T_C","Synonymous"
"32394863_T_G","Synonymous"
"32394878_T_C","Synonymous"
"32394899_A_G","Synonymous"
"32394905_A_G","Synonymous"
"32394929_T_C","Synonymous"
"32396899_T_C","Synonymous"
"32396902_T_C","Synonymous"
"32396911_T_C","Synonymous"
"32396929_C_T","Synonymous"
"32396932_G_A","Synonymous"
"32396935_T_G","Synonymous"
"32396935_T_C","Synonymous"
"32396953_A_G","Synonymous"
